{
  "target": {
    "Q1": 0.00436,
    "Q2": {
      "Winter": 0.68154,
      "Spring": 0.48009,
      "Summer": 0.42009,
      "Fall": 0.5
    },
    "Q3": 15,
    "Q4": 211,
    "Q5": 208,
    "Q6": {
      "Normal": 251118,
      "Good": 216596,
      "Bad": 95834,
      "Very bad": 14669
    }
  }
}