{
  "target": {
    "Q1": 0.00432,
    "Q2": {
      "Winter": 0.66803,
      "Spring": 0.47029,
      "Summer": 0.41894,
      "Fall": 0.48963
    },
    "Q3": 15,
    "Q4": 211,
    "Q5": 208,
    "Q6": {
      "Normal": 260379,
      "Good": 223990,
      "Bad": 99525,
      "Very bad": 15160
    }
  }
}