{
  "target": {
    "Q1": 0.00383,
    "Q2": {
      "Winter": 0.67987,
      "Spring": 0.49857,
      "Summer": 0.42542,
      "Fall": 0.49975
    },
    "Q3": 9,
    "Q4": 211,
    "Q5": 208,
    "Q6": {
      "Normal": 263562,
      "Good": 226943,
      "Bad": 101295,
      "Very bad": 16461
    }
  }
}