{
  "target": {
    "Q1": 0.00436,
    "Q2": {
      "Winter": 0.6804,
      "Spring": 0.47805,
      "Summer": 0.42521,
      "Fall": 0.49979
    },
    "Q3": 15,
    "Q4": 211,
    "Q5": 208,
    "Q6": {
      "Normal": 260379,
      "Good": 223990,
      "Bad": 99525,
      "Very bad": 15160
    },
    "SO2": 0.0034455819879597024
  },
  "SO2": 0.0045281045100792
}